"sig","gene","coef","wu_Hausman","iv_p.value","p.value","adjusted_r_squard","p.values","fdr"
"Hypo.MS1","KEAP1",3.04058320218817,4.79100084846806e-05,4.01222593906123e-07,0.000441953380564833,0.695786610526194,0.000441953380564833,0.0357982238257515
"Hypo.MS2","AKAP9",1.1225839773256,2.62912340121593e-05,8.2699780934684e-27,1.72840313353277e-05,0.778868267494057,1.72840313353277e-05,0.0278013644028747
"Hypo.MS2","C16orf62",1.1225839773256,2.62912340121593e-05,8.2699780934684e-27,1.72840313353277e-05,0.778868267494057,1.72840313353277e-05,0.0278013644028747
"Hypo.MS4","TP53",1.1225839773256,2.62912340121593e-05,8.2699780934684e-27,1.72840313353277e-05,0.778868267494057,1.72840313353277e-05,0.00572101437199348
"Hypo.MS5","AKAP9",1.1225839773256,2.62912340121593e-05,8.2699780934684e-27,1.72840313353277e-05,0.778868267494057,1.72840313353277e-05,0.0305408833695241
"Hypo.MS6","INHBE",1.67967433697125,4.23743257564782e-09,7.61377769849705e-08,1.29264700149282e-05,0.638674138268014,1.29264700149282e-05,0.0209667343642136
